{
    "metadata": {
        "input_documents": [
            "South of France - Cities.pdf",
            "South of France - Cuisine.pdf",
            "South of France - History.pdf",
            "South of France - Restaurants and Hotels.pdf",
            "South of France - Things to Do.pdf",
            "South of France - Tips and Tricks.pdf",
            "South of France - Traditions and Culture.pdf"
        ],
        "persona": "Travel Planner",
        "job_to_be_done": "Plan a trip of 4 days for a group of 10 college friends.",
        "processing_timestamp": "2025-07-28T21:04:34.269471"
    },
    "extracted_sections": [],
    "subsection_analysis": []
}