{
    "metadata": {
        "input_documents": [
            "Breakfast Ideas.pdf",
            "Dinner Ideas - Mains_1.pdf",
            "Dinner Ideas - Mains_2.pdf",
            "Dinner Ideas - Mains_3.pdf",
            "Dinner Ideas - Sides_1.pdf",
            "Dinner Ideas - Sides_2.pdf",
            "Dinner Ideas - Sides_3.pdf",
            "Dinner Ideas - Sides_4.pdf",
            "Lunch Ideas.pdf"
        ],
        "persona": "Food Contractor",
        "job_to_be_done": "Prepare a vegetarian buffet-style dinner menu for a corporate gathering, including gluten-free items.",
        "processing_timestamp": "2025-07-28T22:41:12.490736"
    },
    "extracted_sections": [],
    "subsection_analysis": []
}