{
  "title": "RFP: R",
  "outline": [
    {
      "level": "H1",
      "text": "RFP: R",
      "page": 1
    },
    {
      "level": "H1",
      "text": "RFP: R",
      "page": 1
    },
    {
      "level": "H1",
      "text": "To Present a Proposal for Developing",
      "page": 1
    },
    {
      "level": "H1",
      "text": "March 21, 2003",
      "page": 1
    },
    {
      "level": "H2",
      "text": "2.1 developing a detailed business plan for the three-year implementation phase of the ODL, including",
      "page": 11
    },
    {
      "level": "H2",
      "text": "3.1 Schools:",
      "page": 11
    }
  ]
}