{
  "metadata": {
    "input_documents": [
      "Learn Acrobat - Create and Convert_1.pdf",
      "Learn Acrobat - Create and Convert_2.pdf",
      "Learn Acrobat - Edit_1.pdf",
      "Learn Acrobat - Edit_2.pdf",
      "Learn Acrobat - Export_1.pdf",
      "Learn Acrobat - Export_2.pdf",
      "Learn Acrobat - Fill and Sign.pdf",
      "Learn Acrobat - Generative AI_1.pdf",
      "Learn Acrobat - Generative AI_2.pdf",
      "Learn Acrobat - Request e-signatures_1.pdf",
      "Learn Acrobat - Request e-signatures_2.pdf",
      "Learn Acrobat - Share_1.pdf",
      "Learn Acrobat - Share_2.pdf",
      "Test Your Acrobat Exporting Skills.pdf",
      "The Ultimate PDF Sharing Checklist.pdf"
    ],
    "persona": "HR professional",
    "job_to_be_done": "Create and manage fillable forms for onboarding and compliance.",
    "processing_timestamp": "2025-07-28T23:41:16.183057"
  },
  "extracted_sections": [
    {
      "document": "C:\\Users\\OMEN\\Desktop\\Hackathon\\Collection_2\\PDFs\\Learn Acrobat - Request e-signatures_2.pdf",
      "section_title": "1. Navigate to the hamburger menu   (Windows) or the Acrobat menu (macOS)",
      "importance_rank": 1,
      "page_number": 4
    },
    {
      "document": "C:\\Users\\OMEN\\Desktop\\Hackathon\\Collection_2\\PDFs\\Learn Acrobat - Fill and Sign.pdf",
      "section_title": "1. From the Quick actions toolbar, select Add your signature or initials",
      "importance_rank": 2,
      "page_number": 7
    },
    {
      "document": "C:\\Users\\OMEN\\Desktop\\Hackathon\\Collection_2\\PDFs\\Learn Acrobat - Fill and Sign.pdf",
      "section_title": "1. Open the Preferences dialog. From the hamburger menu,",
      "importance_rank": 3,
      "page_number": 10
    },
    {
      "document": "C:\\Users\\OMEN\\Desktop\\Hackathon\\Collection_2\\PDFs\\Learn Acrobat - Request e-signatures_1.pdf",
      "section_title": "1. Open the PDF form in Acrobat or Acrobat Reader, and then choose All",
      "importance_rank": 4,
      "page_number": 2
    },
    {
      "document": "C:\\Users\\OMEN\\Desktop\\Hackathon\\Collection_2\\PDFs\\Learn Acrobat - Request e-signatures_1.pdf",
      "section_title": "1. Open a PDF in Acrobat and choose All Tools > more > Use a certificate in the",
      "importance_rank": 5,
      "page_number": 22
    }
  ],
  "subsection_analysis": [
    {
      "document": "C:\\Users\\OMEN\\Desktop\\Hackathon\\Collection_2\\PDFs\\Learn Acrobat - Request e-signatures_2.pdf",
      "refined_text": "the document to remain certified. For example, a government agency creates a form with",
      "page_number": 6
    },
    {
      "document": "C:\\Users\\OMEN\\Desktop\\Hackathon\\Collection_2\\PDFs\\Learn Acrobat - Fill and Sign.pdf",
      "refined_text": "interactive fillable forms. Or, they intentionally design a form that you can fill in only by hand",
      "page_number": 8
    },
    {
      "document": "C:\\Users\\OMEN\\Desktop\\Hackathon\\Collection_2\\PDFs\\Learn Acrobat - Fill and Sign.pdf",
      "refined_text": "(Includes Form Fill-in & Save).",
      "page_number": 13
    },
    {
      "document": "C:\\Users\\OMEN\\Desktop\\Hackathon\\Collection_2\\PDFs\\Learn Acrobat - Request e-signatures_1.pdf",
      "refined_text": "the signer for filling the information and signing the form.",
      "page_number": 5
    },
    {
      "document": "C:\\Users\\OMEN\\Desktop\\Hackathon\\Collection_2\\PDFs\\Learn Acrobat - Request e-signatures_1.pdf",
      "refined_text": "document, you can control the types of changes other people can make. You can certify with",
      "page_number": 24
    }
  ]
}